number_ of_syllables,number_of_pauses,rate_of_speech,articulation_rate,speaking_duration,original_duration,balance,f0_mean,f0_std,f0_median,f0_min,f0_max,f0_quantile25,f0_quan75,title,url
1989,205,4,5,420.2,563.8,0.7,139.43,30.4,138.6,71,353,117,156,A Fast Hop Biased Approximation Algorithm for the Quadratic Group Steiner Tree Problem,https://www.youtube.com/watch?v=Ej0O2ieQyZw
2227,189,3,4,531.2,701.7,0.8,225.53,33.42,220.7,75,385,207,243,A Cross Domain Method for Customer Lifetime Value Prediction in Supply Chain Platform,https://www.youtube.com/watch?v=2ZdxSmFn5mI
2784,261,3,4,629.9,833.9,0.8,127.59,29.59,120.2,76,400,110,137,Adaptive Neural Ranking Framework  Toward Maximized Business Goal for Cascade Ranking Systems,https://www.youtube.com/watch?v=0f8qNwVb9J0
2059,167,4,5,447.2,587.8,0.8,128.88,21.4,127.3,72,400,115,143,HD KT  Advancing Robust Knowledge Tracing via Anomalous Learning Interaction Detection,https://www.youtube.com/watch?v=cYEKcFnY0TY
3282,337,4,5,689.9,889.7,0.8,230.81,44.52,225.0,72,405,201,257,GraphTranslator  Aligning Graph Model to Large Language Model for Open ended Tasks,https://www.youtube.com/watch?v=bXYqcy56MK0
2473,266,3,4,560.1,742.2,0.8,118.27,16.56,113.6,72,391,109,123,Graph Skeleton  ∼1% Nodes are Sufficient to Represent Billion Scale Graph 1,https://www.youtube.com/watch?v=MrENGRywGFU
2035,240,4,5,436.0,560.8,0.8,132.42,38.28,120.7,76,412,109,145,Decentralized Collaborative Learning with Adaptive Reference Data for On Device POI Recommendation,https://www.youtube.com/watch?v=i-oS-uzcYTk
3039,311,3,4,744.2,958.3,0.8,148.94,31.65,142.6,72,427,128,162,Debiasing Recommendation with Personal Popularity,https://www.youtube.com/watch?v=u70saWVbZOQ
2656,229,4,5,585.9,712.5,0.8,131.11,22.79,125.1,72,358,116,141,ClickPrompt  CTR Models are Strong Prompt Generators for Adapting Language Models to CTR Prediction,https://www.youtube.com/watch?v=F_2rrO9dmvA
2819,226,4,5,558.5,700.8,0.8,245.46,40.65,237.0,79,423,220,264,Unifying Local and Global Knowledge Empowering Large Language Models as Political Experts with K...,https://www.youtube.com/watch?v=u9yhK_2KCwE
1100,142,3,4,281.8,421.4,0.7,131.26,21.98,127.0,71,406,120,137,Doubly Calibrated Estimator for Recommendation on Data Missing Not at Random,https://www.youtube.com/watch?v=fs-Xoi8oKWc
2625,182,4,4,600.3,735.8,0.8,204.79,41.18,193.8,70,423,179,223,Don't Bite Off More than You Can Chew  Investigating Excessive Permission Requests in Trigger Action,https://www.youtube.com/watch?v=MAO8lny3aFg
2456,326,3,5,485.2,738.3,0.7,117.26,29.35,108.5,70,374,96,130,Decoupled Variational Graph Autoencoder for Link Prediction,https://www.youtube.com/watch?v=Jik0BjIcUeQ
2787,326,3,5,584.9,843.1,0.7,136.04,24.13,130.9,71,399,122,142,Densest Subhypergraph Negative Supermodular Functions and Strongly Localized Methods,https://www.youtube.com/watch?v=f9viO4XdUec
2371,233,4,5,505.6,656.4,0.8,156.39,78.7,117.5,70,421,107,169,From Promises to Practice  Evaluating the Private Browsing Modes of Android Browser Apps,https://www.youtube.com/watch?v=qeTRfGdjODo
2477,254,3,4,573.5,720.5,0.8,141.76,22.81,139.2,79,398,127,154,Friend or Foe  Mining Suspicious Behavior via Graph Capsule Infomax Detector against Fraudsters,https://www.youtube.com/watch?v=7vCepsIP5Ng
2395,189,4,4,533.1,683.0,0.8,126.59,17.69,121.3,77,399,114,134,AgentCF  Collaborative Learning with Autonomous Language Agents for Recommender Systems,https://www.youtube.com/watch?v=sV4AQnhVafQ
2214,259,3,4,569.6,786.7,0.7,98.53,34.77,88.3,64,400,84,97,Adversarial Mask Explainer for Graph Neural Networks,https://www.youtube.com/watch?v=rWW2uKZGdfM
2381,221,3,4,567.1,732.7,0.8,136.26,19.63,132.6,71,328,122,147,Leave No One Behind  Online Self Supervised Self Distillation for Sequential Recommendation,https://www.youtube.com/watch?v=ygQRppKgL00
3128,215,4,4,724.8,849.5,0.9,124.02,18.94,120.0,75,397,112,132,KGQuiz  Evaluating the Generalization of Encoded Knowledge in Large Language Models,https://www.youtube.com/watch?v=UEqsS_seKeU
2154,356,3,5,465.0,727.6,0.6,129.8,24.69,127.4,76,395,117,138,Online Sequential Decision Making with Unknown Delays,https://www.youtube.com/watch?v=YH8EGIJo0J8
2087,427,3,5,409.9,754.5,0.5,167.05,36.72,161.1,75,399,142,186,NPCS  Native Provenance Computation for SPARQL,https://www.youtube.com/watch?v=RA4OXPx3pXo
2445,250,3,4,560.5,730.7,0.8,132.99,33.52,124.5,72,398,111,146,Self Guided Robust Graph Structure Refinement,https://www.youtube.com/watch?v=acRyhOAl2M4
2190,170,3,4,515.8,680.3,0.8,116.88,27.97,109.9,75,388,101,124,SSTKG Simple Spatio Temporal Knowledge Graph for Intepretable and Versatile Dynamic Information Emb,https://www.youtube.com/watch?v=tCf5Ev99ros
2335,272,3,4,522.8,747.0,0.7,122.43,35.64,113.5,75,400,99,134,"SSI, from Specifications to Protocol  Formally Verify Security!",https://www.youtube.com/watch?v=Iqpr8zRhO50
1166,337,2,4,281.9,613.2,0.5,172.69,32.67,173.3,66,398,149,196,NAT4AT  Using Non Autoregressive Translation Makes Autoregressive Translation Faster and Better,https://www.youtube.com/watch?v=dfxGFiyttDs
2576,265,3,4,597.1,767.7,0.8,208.04,41.62,206.2,71,398,189,230,Multi Scenario Pricing for Hotel Revenue Management,https://www.youtube.com/watch?v=v5qLGBZuegE
2045,231,4,5,413.7,584.1,0.7,138.16,25.67,132.3,71,376,121,150,Ducho 2 0  Towards a More Up to Date Unified Framework for the Extraction of Multimodal Features,https://www.youtube.com/watch?v=SlJQ7m7u90c
2684,387,3,5,561.0,812.0,0.7,123.76,26.0,119.4,78,400,106,137,Dual Box Embeddings for the Description Logic EL++,https://www.youtube.com/watch?v=JiyxWq5zZZ8
2032,266,3,4,492.9,684.7,0.7,103.03,22.52,97.6,72,405,92,107,Cost effective Data Labelling for Graph Neural Networks,https://www.youtube.com/watch?v=LFVefvjUGzY
2968,156,4,5,622.1,739.3,0.8,153.87,32.31,147.1,70,383,131,169,Could Small Language Models Serve as Recommenders  Towards Data centric Cold start Recommendation,https://www.youtube.com/watch?v=i6E4Zydo9ZU
2191,383,3,5,464.3,768.9,0.6,137.92,37.63,128.4,74,425,121,142,Content Moderation and the Formation of Online Communities  A Theoretical Framework,https://www.youtube.com/watch?v=K8QVx1ZG3SA
3364,241,4,5,726.2,879.1,0.8,119.42,24.67,115.1,71,395,104,128,Core Competitiveness in Partially Observable Networked Market,https://www.youtube.com/watch?v=8C7Yw8jYM7c
2275,218,3,5,500.7,705.7,0.7,226.07,50.14,221.3,74,421,204,251,SceneDAPR  A Scene Level Free Hand Drawing Dataset for Web based Psychological Drawing Assessment,https://www.youtube.com/watch?v=o_o3YYFKDyE
3328,252,4,5,678.4,811.2,0.8,115.4,19.99,111.0,76,393,103,122,MMAdapt  A Knowledge Guided Multi Source Multi Class Domain Adaptive Framework for Early Health Misi,https://www.youtube.com/watch?v=bE9fsv8iC5w
2169,332,3,5,424.2,674.5,0.6,135.64,24.15,132.6,78,395,118,149,Team Formation amidst Conflicts,https://www.youtube.com/watch?v=p0jsSmQTWWI
2973,237,4,4,704.2,849.0,0.8,140.81,29.47,133.7,71,400,124,148,Temporal Conformity aware Hawkes Graph Network for Recommendations,https://www.youtube.com/watch?v=rsY4RUHqujg
2176,264,3,5,449.5,659.1,0.7,126.3,30.52,120.1,73,399,106,139,Causal Question Answering with Reinforcement Learning,https://www.youtube.com/watch?v=4Bhpjj5hZSY
2752,347,4,5,525.6,760.7,0.7,115.7,23.16,110.1,78,376,101,124,Causal Graph ODE  Continuous Treatment Effect Modeling in Multi agent Dynamical Systems,https://www.youtube.com/watch?v=8XJL6OXfFpw
2715,140,4,4,665.5,750.8,0.9,160.31,34.74,154.4,70,411,142,171,Getting Bored of Cyberwar  Exploring the Role of Low level Cybercrime Actors in the Russia Ukraine C,https://www.youtube.com/watch?v=_53Khu970B4
2928,256,4,5,611.3,755.4,0.8,128.0,31.32,118.8,72,324,106,141,Generating Multi turn Clarification for Web Information Seeking,https://www.youtube.com/watch?v=6V_djFJ1BMw
2579,198,4,5,517.7,641.1,0.8,192.45,33.66,192.8,74,412,172,211,List aware Reranking Truncation Joint Model for Search and Retrieval augmented Generation,https://www.youtube.com/watch?v=866qMQ-lE94
2229,282,3,4,608.3,778.9,0.8,132.11,29.17,124.8,71,392,113,143,Link Recommendation to Augment Influence Diffusion with Provable Guarantees,https://www.youtube.com/watch?v=5hzNTbw8qZc
2141,208,3,4,506.1,656.8,0.8,150.34,22.62,146.1,73,393,136,161,DRAM like Architecture with Asynchronous Refreshing for Continual Relation Extraction,https://www.youtube.com/watch?v=sM-vGxfG4GY
2222,154,3,4,571.3,702.6,0.8,114.9,21.65,108.9,71,367,99,126,DSLR  Diversity Enhancement and Structure Learning for Rehearsal based Graph Continual Learning,https://www.youtube.com/watch?v=I7pGTGDuOPI
2879,342,3,5,624.5,847.0,0.7,138.96,38.69,126.2,70,404,115,157,Exploring Neural Scaling Law and Data Pruning Methods For Node Classification on Large scale Graphs,https://www.youtube.com/watch?v=QS5veF9TJ2c
4430,184,4,4,1031.5,1135.8,0.9,215.37,48.56,218.2,70,400,200,241,Explaining the Scale Invariant  Strength Assortativity of Streaming Butterflies,https://www.youtube.com/watch?v=Xty7psr1_RY
2371,232,3,4,586.3,778.3,0.8,139.06,27.29,138.0,72,393,119,156,λGrapher A Resource-Efficient Serverless System for GNN Serving through Graph Sharing,https://www.youtube.com/watch?v=gCQ-or1zNJI
6202,607,3,4,1385.2,1919.0,0.7,163.31,52.23,148.4,67,410,128,184,TheWeb2024 Closing,https://www.youtube.com/watch?v=W_j45P9-d7A
1819,172,3,4,480.8,589.2,0.8,163.81,34.88,158.3,71,391,139,184,Air CAD  Edge Assisted Multi Drone Network for Real time Crowd Anomaly Detection,https://www.youtube.com/watch?v=0sQDNpsWDw0
2655,197,4,5,577.8,740.1,0.8,135.75,32.42,129.5,70,397,121,141,Finding densest Subgraphs with Edge-Color Constraints,https://www.youtube.com/watch?v=Y_IuEiuf_uQ
2787,271,4,5,617.0,758.8,0.8,111.19,49.66,98.4,68,421,90,113,Fine Tuning Games  Bargaining and Adaptation for General Purpose Models,https://www.youtube.com/watch?v=tKeXpuYJnTI
2142,262,3,5,467.7,679.8,0.7,125.73,27.14,121.9,78,422,113,134,Fair Graph Representation Learning via Sensitive Attribute Disentanglement,https://www.youtube.com/watch?v=-WKYNURiVXg
2258,255,3,5,499.1,684.8,0.7,160.0,24.41,158.8,70,391,145,174,Exploring Unconfirmed Transactions for Effective Bitcoin Address Clustering,https://www.youtube.com/watch?v=lNNj4w_h2Qo
2032,251,3,4,455.1,628.6,0.7,109.75,17.94,106.0,71,341,98,117,"Low Mileage, High Fidelity  Evaluating Hypergraph Expansion Methods by Quantifying the Information L",https://www.youtube.com/watch?v=UYyzfMwyT38
2174,274,3,5,418.4,646.0,0.6,129.05,27.56,122.0,70,377,110,143,Making Cloud Spot Instance Interruption Events Visible,https://www.youtube.com/watch?v=ptMW3qzI_ak
2578,331,4,5,547.1,734.3,0.7,142.47,27.79,136.9,71,399,125,153,Medusa  Unveil Memory Exhaustion DoS Vulnerabilities in Protocol Implementations,https://www.youtube.com/watch?v=8HTCytJGAxQ
2598,318,3,5,549.2,762.0,0.7,120.21,24.23,115.1,73,397,104,132,Mechanism Design for Large Language Models,https://www.youtube.com/watch?v=RV4MhRXEm7w
2286,328,3,5,489.9,728.1,0.7,156.68,49.85,144.6,71,412,120,182,Spot Check Equivalence An Interpretable Metric for Information Elicitation Mechanisms,https://www.youtube.com/watch?v=gVvokeH1QTE
2581,334,4,5,520.4,730.5,0.7,135.21,24.33,132.7,78,398,120,147,SPRING Improving the Throughput of Sharding Blockchain via Deep Reinforcement Learning Based State,https://www.youtube.com/watch?v=R7TXcPy4uDU
2117,244,3,4,511.5,677.3,0.8,101.69,17.14,98.0,76,399,91,108,Harnessing Multi-Role Capabilities of Large Language Models for Open-Domain Question Answering,https://www.youtube.com/watch?v=cYJYVb8j8t4
2597,270,4,5,509.6,656.8,0.8,116.78,41.99,106.5,76,417,99,118,Hyperlink Hijacking  Exploiting Erroneous URL Links to Phantom Domains,https://www.youtube.com/watch?v=kHcNsY_Y1YQ
3048,163,4,5,565.3,681.7,0.8,132.54,32.46,123.0,75,400,115,138,Individual Welfare Guarantees in the Autobidding World with Machine learned Advice,https://www.youtube.com/watch?v=4HYyJ63z7OE
2289,216,4,5,434.5,582.1,0.7,183.1,27.52,178.4,73,383,165,198,GAMMA  Graph Neural Network Based Multi Bottleneck Localization for Microservices Applications,https://www.youtube.com/watch?v=JXMSppUc9Uc
2153,210,3,4,480.0,642.1,0.7,169.82,25.66,164.9,71,400,152,183,Intersectional Two sided Fairness in Recommendation,https://www.youtube.com/watch?v=Qc0BPyZDpEA
2132,183,4,5,461.2,593.7,0.8,149.09,37.0,141.4,71,396,125,162,Physical Trajectory Inference Attack and Defense in Decentralized POI Recommendation,https://www.youtube.com/watch?v=5S2bXLXp4CA
2820,278,4,5,554.4,784.7,0.7,148.25,30.51,141.0,72,396,133,155,Poisoning Attack on Federated Knowledge Graph Embedding,https://www.youtube.com/watch?v=NNgy3HYrAJg
2593,253,4,5,536.8,720.4,0.7,150.35,25.32,144.2,76,399,134,160,Disentangling Decentralized Finance DeFi Compositions,https://www.youtube.com/watch?v=aovWrOK9_bg
2288,194,3,4,541.4,681.1,0.8,146.46,35.57,139.6,77,409,129,151,MileCut  A Multi view Truncation Framework for Legal Case Retrieval,https://www.youtube.com/watch?v=Ol0lTvNANhI
2394,195,4,5,492.0,678.3,0.7,138.45,31.33,132.8,73,396,117,153,Jointly Canonicalizing and Linking Open Knowledge Base via Unified Embedding Learning,https://www.youtube.com/watch?v=ordQh1aXtuk
2677,204,4,5,528.7,718.7,0.7,189.37,38.94,185.9,64,399,171,207,Learning to Rewrite Prompts for Personalized Text Generation,https://www.youtube.com/watch?v=zWai6X2dZf0
3083,218,4,5,626.5,775.1,0.8,184.0,50.43,175.3,67,414,162,205,Differentially Private Selection from Secure Distributed Computing,https://www.youtube.com/watch?v=P6B1GZiPHPg
2819,204,4,4,659.2,792.1,0.8,119.98,24.91,117.7,73,399,107,128,Detecting Illicit Food Factories from Chemical Declaration Data via Graph aware Self supervised Cont,https://www.youtube.com/watch?v=fRQ6mvdv7co
4904,405,3,4,1092.0,1466.6,0.7,144.46,45.67,136.2,70,412,110,169,TheWeb2024 Opening,https://www.youtube.com/watch?v=PvkjAr4jnuc
11971,1294,4,5,2492.8,3154.6,0.8,171.56,46.5,158.4,70,421,139,190,TheWeb2024 Keynote#1 Challenges toward AGI and its impact to the Web,https://www.youtube.com/watch?v=VKgLEEhJvwI
2106,262,4,5,424.9,592.9,0.7,133.47,28.78,126.0,71,400,115,144,Tight Competitive and Variance Analyses of Matching Policies in Gig Platforms,https://www.youtube.com/watch?v=0LsjyibG_3g
3007,193,4,5,655.0,800.3,0.8,178.21,36.36,173.3,70,397,153,199,Toward Practical Entity Alignment Method Design Insights from New Highly Heterogeneous Knowledge...,https://www.youtube.com/watch?v=BLRzltNMkOk
2926,277,4,5,641.1,811.1,0.8,137.67,26.12,133.3,73,399,119,152,SatGuard  Concealing Endless and Bursty Packet Losses in LEO Satellite Networks for Delay Sensitive,https://www.youtube.com/watch?v=Y5f7XXtdO6U
3239,306,3,5,701.5,926.1,0.8,179.52,42.54,173.4,70,400,149,203,Scalable and Effective Generative Information Retrieval,https://www.youtube.com/watch?v=ehG4ixzg80o
2140,262,3,5,442.3,616.1,0.7,187.47,46.8,172.4,72,418,155,207,Predictive Relevance Uncertainty for Recommendation Systems,https://www.youtube.com/watch?v=UfeRbUsrVLc
2235,154,3,4,533.0,643.2,0.8,118.0,12.63,116.7,75,398,110,125,Query in Your Tongue  Reinforce Large Language Models with Retrievers for Cross lingual Search Gener,https://www.youtube.com/watch?v=C8EMhesusGs
2521,141,4,4,602.8,690.5,0.9,213.77,39.24,203.9,70,423,188,231,Can Small Language Models be Good Reasoners in Recommender Systems,https://www.youtube.com/watch?v=vDJ8LbTVmtw
2204,310,3,5,445.0,683.9,0.7,111.56,28.48,105.2,71,399,96,118,Budget Constrained Auctions with Unassured Priors  Strategic Equivalence and Structural Properties,https://www.youtube.com/watch?v=rLBdv_Kflvg
2238,288,3,5,487.2,667.8,0.7,217.03,40.46,211.6,72,395,190,240,Unveiling Delay Effects in Traffic Forecasting  A Perspective from Spatial Temporal Delay Differenti,https://www.youtube.com/watch?v=HzMOrBPYu2E
2247,378,3,5,431.1,696.4,0.6,137.08,39.08,127.2,74,419,113,150,Unveiling the Invisible  Detection and Evaluation of Prototype Pollution Gadgets with Dynamic Tai...,https://www.youtube.com/watch?v=6ZH15O9o560
2410,168,4,5,501.2,606.4,0.8,106.06,17.7,102.1,72,364,96,111,Bayesian Iterative Prediction and Lexical-based Interpretation for Disturbed Chinese Sentence...,https://www.youtube.com/watch?v=D4ot98lYdHQ
2356,266,3,5,516.1,693.9,0.7,220.39,48.82,209.3,72,422,191,241,Asking Multimodal Clarifying Questions in Mixed Initiative Conversational Search,https://www.youtube.com/watch?v=eCMeMv7rwlE
2236,270,3,5,478.2,663.9,0.7,136.19,32.62,129.2,78,400,119,145,"Spectral Heterogeneous Graph Convolutions via Positive Noncommutative Polynomials May 16, 2024",https://www.youtube.com/watch?v=j_hgi8P2G6U
2236,270,3,5,478.2,663.9,0.7,136.19,32.62,129.2,78,400,119,145,Spectral Heterogeneous Graph Convolutions via Positive Noncommutative Polynomials,https://www.youtube.com/watch?v=pAdhYMWy_c0
2282,207,3,4,549.5,692.3,0.8,203.29,56.45,197.7,72,422,179,234,RulePrompt  Weakly Supervised Text Classification withPrompting PLMs and Self Iterative Logical...,https://www.youtube.com/watch?v=6hr_Z8spo4Q
2721,175,4,5,600.1,741.2,0.8,158.36,31.91,148.6,67,400,138,170,Robust Link Prediction over Noisy Hyper Relational Knowledge Graphs via Active Learning,https://www.youtube.com/watch?v=KIbKfITcAOA
2214,394,3,5,460.2,716.5,0.6,263.71,37.21,262.3,53,416,245,284,"Stable-Sketch A Versatile Sketch for Accurate, Fast, Web-Scale Data Stream Processing",https://www.youtube.com/watch?v=nXBoqF0FUWw
3455,219,4,5,716.5,835.0,0.9,202.75,41.77,192.5,61,420,177,218,Susceptibility to Unreliable Information Sources Swift Adoption with Minimal Exposure,https://www.youtube.com/watch?v=VmB8xnbn6cE
2633,298,4,5,515.8,680.7,0.8,129.52,45.43,117.1,72,428,104,137,Unraveling the Dynamics of Stable and Curious Audiences in Web Systems,https://www.youtube.com/watch?v=wGWrVK5l_eI
2598,277,4,5,533.7,736.8,0.7,129.23,18.14,124.6,78,342,117,136,Unveiling Climate Drivers via Feature Importance Shift Analysis in New Zealand,https://www.youtube.com/watch?v=qJ3z9xOQde0
2521,247,4,5,513.6,684.3,0.8,195.46,40.2,189.5,69,397,174,209,Efficiency of Non Truthful Auctions in Auto bidding with Budget Constraints,https://www.youtube.com/watch?v=F3va3FbAfwo
2512,189,3,4,565.2,736.0,0.8,119.54,20.16,113.9,76,395,106,128,E2USD  Efficient yet effective Unsupervised State Detection for Multivariate Time Series,https://www.youtube.com/watch?v=SHI0SGfG7DU
2210,171,4,5,418.3,593.7,0.7,126.71,22.94,125.9,79,345,110,141,RecurScan  Detecting Recurring Vulnerabilities in PHP Web Applications,https://www.youtube.com/watch?v=xqN53_bXXlk
2602,299,3,5,524.0,769.9,0.7,132.54,36.54,124.2,74,399,109,147,Reconciling the Accuracy Diversity Trade off in Recommendations,https://www.youtube.com/watch?v=SCqLGq7sfow
2008,376,3,5,420.0,735.0,0.6,163.81,34.69,155.3,71,419,144,174,UrbanCLIP Learning Text-enhanced Urban Region Profiling with Contrastive Language-Image Pretrain...,https://www.youtube.com/watch?v=yOsAIMQ8bZA
3424,246,4,5,756.3,896.4,0.8,141.04,33.6,133.5,76,400,118,155,Uplift Modeling for Target User Attacks on Recommender Systems,https://www.youtube.com/watch?v=myriDUKdPTI
2441,204,4,5,487.5,617.8,0.8,133.57,25.32,127.2,74,400,120,139,Dependency Aware Incident Linking in Large Cloud Systems,https://www.youtube.com/watch?v=UCah3E7sOO8
2283,455,3,5,472.2,756.2,0.6,139.93,38.78,129.3,74,412,114,157,Detecting and Understanding Self Deleting JavaScript Code,https://www.youtube.com/watch?v=XWpw5_iIugU
2532,180,4,4,596.4,686.4,0.9,125.01,33.36,116.7,68,400,105,134,Towards Personalized Privacy  User Governed Data Contribution for Federated Recommendation,https://www.youtube.com/watch?v=cFzdelFRIlU
2825,321,4,5,565.6,770.7,0.7,220.26,36.04,213.6,70,418,201,234,Are Adversarial Phishing Webpages a Threat in Reality,https://www.youtube.com/watch?v=AtG5G_zO36A
11945,1507,3,5,2499.8,3544.3,0.7,155.76,46.27,146.1,70,399,119,185,TheWeb2024 Panel Discussion on LLM Impact on the Web,https://www.youtube.com/watch?v=HB1CM6tln8o
2595,213,4,5,542.0,682.5,0.8,253.46,44.87,244.1,77,423,228,273,Discovering and Measuring CDNs Prone to Domain Fronting Discovering and Measuring CDNs Prone to Doma,https://www.youtube.com/watch?v=fWMAeK30Yho
1724,89,3,4,472.1,554.3,0.9,212.72,33.41,212.1,68,400,199,229,When Federated Recommendation Meets Cold Start Problem  Separating Item Attributes and User Interact,https://www.youtube.com/watch?v=quyKevB_bI4
2563,312,3,4,578.1,791.5,0.7,153.52,31.28,148.2,74,398,132,170,Which LLM to Play Convergence-Aware Online Model Selection with Time-Increasing Bandits,https://www.youtube.com/watch?v=lG7B_QxbZ2Q
1838,180,3,4,505.1,662.1,0.8,123.48,22.32,119.8,79,372,107,137,Federated Heterogeneous Graph Neural Network for Privacy preserving Recommendation,https://www.youtube.com/watch?v=f0aTF52tQtY
2847,308,4,5,571.7,805.1,0.7,150.37,30.45,143.0,72,367,128,166,Fast and Accurate Fair k Center Clustering in Doubling Metrics,https://www.youtube.com/watch?v=EDV4ARz6_dU
2254,175,3,4,566.3,676.6,0.8,143.8,13.2,142.5,70,336,136,149,Efficient Exact and Approximate Betweenness Centrality Computation for Temporal Graphs,https://www.youtube.com/watch?v=NH26LEOGzac
2293,237,3,4,533.3,734.1,0.7,127.14,22.05,124.1,80,400,115,135,Ensuring User side Fairness in Dynamic Recommender Systems,https://www.youtube.com/watch?v=VrYgCWCcj9o
2466,200,3,5,537.1,765.2,0.7,126.87,26.88,122.0,73,326,112,136,Cold start Bundle Recommendation via Popularity based Coalescence and Curriculum Heating,https://www.youtube.com/watch?v=-Dk-c9mB--o
3436,159,4,5,705.7,812.1,0.9,219.18,38.04,216.6,71,414,194,240,Cognitive Personalized Search Integrating Large Language Models with an Efficient Memory Mechanism,https://www.youtube.com/watch?v=u3DO5B5Vzio
1668,139,3,4,384.0,488.0,0.8,149.64,32.9,141.9,71,408,127,165,GraphControl  Adding Conditional Control to Universal Graph Pre trained Models for Graph Domain Tran,https://www.youtube.com/watch?v=-V8swKUpZ-8
2511,75,4,4,645.0,700.1,0.9,177.15,50.57,191.3,68,389,166,208,Graph Contrastive Learning with Kernel Dependence Maximization for Social Recommendation,https://www.youtube.com/watch?v=l75LpIF1k48
2268,202,3,4,504.3,746.6,0.7,123.52,14.96,122.4,80,225,114,133,Dynamic Multi Network Mining of Tensor Time Series,https://www.youtube.com/watch?v=ZG8pgpwlrvY
1392,197,3,4,319.7,473.0,0.7,125.14,17.95,122.0,80,400,114,132,GEES  Enabling Location Privacy Preserving Energy Saving in Multi Access Edge Computing,https://www.youtube.com/watch?v=Xd_E8qKnG-k
2924,162,4,5,563.1,693.8,0.8,231.9,52.02,234.7,63,420,218,259,FusionRender  Harnessing WebGPU's Power for Enhanced Graphics Performance on Web Browsers,https://www.youtube.com/watch?v=3SbkNnIBff0
1897,384,3,5,407.7,686.1,0.6,111.17,36.5,103.4,76,400,92,119,Filter Bubble or Homogenization  Disentangling the Long Term Effects of Recommendations on User Cons,https://www.youtube.com/watch?v=4rvFfX8I3to
2258,123,4,4,509.5,624.9,0.8,118.13,17.39,114.5,77,389,107,126,Social Media Discourses on Interracial Intimacy  Tracking Racism and Sexism through Chinese Geo loca,https://www.youtube.com/watch?v=pwDeO9DvN5I
1860,223,2,4,513.1,768.0,0.7,145.94,22.75,145.3,71,394,133,162,Span Pair Interaction and Tagging for Dialogue Level Aspect Based Sentiment Quadruple Analysis,https://www.youtube.com/watch?v=kyGlpztes0E
1898,181,4,4,429.3,526.3,0.8,219.12,31.51,212.3,79,398,199,232,RecDCL  Dual Contrastive Learning  for Recommendation,https://www.youtube.com/watch?v=zWZMAlTXJmU
1966,108,3,4,512.4,592.7,0.9,112.55,26.14,105.1,69,399,99,117,QUIC is not Quick Enough over Fast Internet,https://www.youtube.com/watch?v=4BLmPXXhRBM
2407,220,4,5,472.9,643.0,0.7,181.7,38.07,178.0,70,415,155,204,IME  Integrating Multi curvature Shared and Specific Embedding for Temporal Knowledge Graph Completi,https://www.youtube.com/watch?v=L6h5iGCLqS8
2606,195,4,4,610.2,724.4,0.8,120.91,23.81,115.6,68,393,106,130,How Few Davids Improve One Goliath  Federated Learning in Resource Skewed Edge Computing Environment,https://www.youtube.com/watch?v=CKTkTD5Zz2I
2588,129,4,4,628.0,724.7,0.9,181.77,32.65,178.7,68,400,166,195,Collaboration Aware Hybrid Learning for Knowledge Development Prediction,https://www.youtube.com/watch?v=tV_FMHZMMmk
3197,391,4,5,586.1,822.7,0.7,158.66,44.22,146.0,67,420,126,179,Collaborative Large Language Model for Recommender Systems,https://www.youtube.com/watch?v=XNNl1zBYxEo
2883,220,4,5,615.4,740.5,0.8,116.58,16.84,114.8,77,395,106,124,BlockDFL  A Blockchain based Fully Decentralized Peer to Peer Federated Learning Framework,https://www.youtube.com/watch?v=BCFKM53qbZM
2169,544,3,5,427.3,799.5,0.5,128.19,40.26,115.7,68,400,105,137,"Bots, Elections, and Controversies  Twitter Insights from Brazil's Polarised Elections",https://www.youtube.com/watch?v=9B3yKP0vXLY
2432,203,4,5,459.9,601.2,0.8,166.89,47.66,153.6,67,401,134,187,Unfiltered Measuring Cloud-based Email Filtering Bypasses,https://www.youtube.com/watch?v=irhftyMU9As
1536,305,2,4,344.5,620.5,0.6,123.39,21.93,121.4,79,394,110,134,Trident A Universal Framework for Fine-Grained and Class-Incremental Unknown Traffic Detection,https://www.youtube.com/watch?v=AEFnGji2XJA
1975,214,3,4,469.6,726.3,0.6,119.08,18.35,116.2,78,398,107,128,Investigations of Top Level Domain Name Collisions in Blockchain Naming Services,https://www.youtube.com/watch?v=lVfKw1VZ6zw
2094,267,3,4,522.5,721.7,0.7,99.91,21.55,91.5,78,399,85,110,Inductive Graph Alignment Prompt   Bridging the Gap between Graph Pre training and Inductive Fine tu,https://www.youtube.com/watch?v=mt5yXl0oEoU
3878,190,5,6,682.8,811.9,0.8,160.29,33.19,156.5,68,417,138,178,A Multifaceted Look at Starlink Performance,https://www.youtube.com/watch?v=zQav_5wdG7E
3669,496,3,5,690.8,1050.5,0.7,155.87,48.39,142.7,69,416,119,183,A Novel Review Helpfulness Measure Based on the User Review Item Paradigm,https://www.youtube.com/watch?v=E7bka7rnLUU
2795,240,4,5,589.1,762.6,0.8,166.68,33.7,160.8,70,388,146,179,Follow the Path  Hierarchy Aware Extreme Multi Label Completion for Semantic Text Tagging,https://www.youtube.com/watch?v=Qm_j1lZv3ec
2855,288,3,5,625.8,849.8,0.7,211.85,41.71,210.5,71,422,192,232,Fingerprinting the Shadows Unmasking Malicious Servers with Machine Learning-Powered TLS Analysis,https://www.youtube.com/watch?v=JI4oiM906_c
2380,229,4,5,482.7,657.7,0.7,145.88,42.02,133.6,77,400,120,158,Entity Disambiguation with Extreme Multi label Ranking,https://www.youtube.com/watch?v=pGU6aw2P_iU
2347,358,3,5,488.7,771.1,0.6,144.84,29.53,139.6,71,417,128,157,Euphemism Identification via Feature Fusion and Individualization,https://www.youtube.com/watch?v=d-pGesWpFbc
2522,246,3,5,559.9,735.5,0.8,152.29,32.54,147.7,74,410,127,173,T3RD Test-Time Training for Rumor Detection on Social Media,https://www.youtube.com/watch?v=nsu0OAsYnzg
2660,361,3,4,591.3,816.9,0.7,155.77,34.97,149.5,74,411,130,174,Taxonomy Completion via Implicit Concept Insertion,https://www.youtube.com/watch?v=cJlYW2s6LNs
2376,223,4,5,512.4,656.8,0.8,127.32,15.2,124.5,80,290,118,133,CapAlign  Improving Cross Modal Alignment via Informative Captioning for Harmful Meme Detection,https://www.youtube.com/watch?v=RvxTTCCf4HA
9758,868,4,4,2185.5,2713.7,0.8,190.16,55.63,175.7,70,424,154,220,"TheWeb2024 Keynote#4 AI deepfakes on the Web the 'wicked' challenges for AI ethics, law and tech..",https://www.youtube.com/watch?v=anIR53lLGps
13063,1301,4,5,2596.7,3375.5,0.8,150.9,49.01,138.5,71,419,118,168,TheWeb2024 Keynote#2 Revisiting the Behavioral Foundations of User Modeling AlgorithmsKeynote,https://www.youtube.com/watch?v=BrIGmKa8GTI
2534,279,3,5,522.1,740.7,0.7,176.92,36.08,169.5,71,399,150,197,Unity is Strength  Benchmarking the Robustness of Fusion based 3D Object Detection against Physic...,https://www.youtube.com/watch?v=2oQQxr8t8RQ
2573,359,3,5,536.7,779.5,0.7,158.78,45.58,146.1,71,414,125,181,Unmasking the Web of Deceit  Uncovering Coordinated Activity to Expose Information Operations on ...,https://www.youtube.com/watch?v=WO-AhAGmGl4
2280,194,4,5,483.4,603.5,0.8,149.61,33.09,142.7,73,400,126,168,Navigating Multidimensional Ideologies with Reddit's Political Compass  Economic Conflict and Social,https://www.youtube.com/watch?v=Xz65MMqYRgQ
2071,240,3,5,413.7,645.6,0.6,192.11,42.13,184.8,70,391,163,215,Navigating the Post-API Dilemma,https://www.youtube.com/watch?v=EjTZET9Diqo
2413,279,4,6,428.5,632.2,0.7,148.93,47.27,132.4,75,400,113,178,PanoptiChrome  A Modern In Browser Taint Analysis Framework,https://www.youtube.com/watch?v=JZYfF6MtVZU
2499,161,4,4,571.9,673.7,0.8,203.02,38.66,203.7,71,399,188,222,Optimizing Network Resilience via Vertex Anchoring,https://www.youtube.com/watch?v=ihGzPEUPevg
2189,171,4,4,494.9,613.7,0.8,125.45,25.17,119.3,76,396,109,135,MULAN  Multi modal Causal Structure Learning and Root Cause Analysis for Microservice Systems,https://www.youtube.com/watch?v=882LOIvlfqA
2278,226,4,5,506.1,644.1,0.8,132.0,23.34,127.2,71,398,118,141,Modeling the Impact of Timeline Algorithms on Opinion Dynamics Using Low rank Updates,https://www.youtube.com/watch?v=TvhJG8k1nkI
2046,172,3,5,429.3,602.7,0.7,147.5,30.45,143.1,70,397,128,163,Efficient Computation for Diagonal of Forest Matrix via Variance Reduced Forest Sampling,https://www.youtube.com/watch?v=R798zNW7K1c
3194,370,3,5,678.9,920.3,0.7,127.7,24.8,122.0,72,414,112,138,Efficient Computation of Signature Restricted Views for Semantic Web Ontologies,https://www.youtube.com/watch?v=YnOEjz0cdak
2388,209,4,5,523.3,679.7,0.8,149.07,24.6,141.9,77,273,132,161,Weakly Supervised Anomaly Detection via Knowledge-Data Alignment,https://www.youtube.com/watch?v=4Q_ryQLzLQw
2904,160,4,5,629.2,730.1,0.9,138.38,21.53,134.7,74,391,124,149,What News Do People Get on Social Media  Analyzing Exposure and Consumption of News through Data...,https://www.youtube.com/watch?v=AN3DBqWql-0
2154,167,3,5,475.1,636.2,0.7,154.24,40.12,144.7,72,389,125,176,Bidder Selection Problem in Position Auctions  A Fast and Simple Algorithm via Poisson Approximation,https://www.youtube.com/watch?v=EpC1wBdFW_M
2917,212,4,5,586.5,736.2,0.8,161.27,36.5,153.1,72,414,138,176,Better to Ask in English  Cross Lingual Evaluation of Large Language Models for Healthcare Queries,https://www.youtube.com/watch?v=M-gUDXFeM0s
3065,247,4,5,630.6,766.9,0.8,122.33,27.35,115.2,75,405,104,133,ARTEMIS  Detecting Airdrop Hunters in NFT Markets with a Graph Learning System,https://www.youtube.com/watch?v=kQcLY2mfst4
1932,147,3,4,457.6,593.6,0.8,213.64,36.09,211.2,72,392,194,230,Consistency Guided Knowledge Retrieval and Denoising in LLMs for Zero shot Document level Relation T,https://www.youtube.com/watch?v=A_TFiz24jEA
1947,326,3,5,413.4,602.2,0.7,160.18,43.28,151.2,74,421,137,170,Collaborative Enhanced Prediction of Spending on Newly Downloaded Mobile Games under Consumption Unc,https://www.youtube.com/watch?v=VGSrGKsk5Ys
1966,232,3,5,429.3,585.4,0.7,144.24,16.82,142.2,75,396,133,153,Metacognitive Retrieval Augmented Large Language Models,https://www.youtube.com/watch?v=J2ynxsl_yHk
3235,232,4,5,595.0,795.8,0.7,174.29,32.22,169.9,72,396,152,192,MentaLLaMA  Interpretable Mental Health Analysis on Social Media with Large Language Models,https://www.youtube.com/watch?v=rUyGbrgIFoU
1901,202,3,4,489.6,656.2,0.7,100.81,19.38,96.8,71,397,88,109,Towards Expansive and Adaptive Hard Negative Mining Graph Contrastive Learning via Subspace Pres...,https://www.youtube.com/watch?v=k-BfrSqNCWc
1681,362,2,4,385.3,679.5,0.6,169.13,34.24,164.7,73,407,146,185,Towards Explainable Harmful Meme Detection through Multimodal Debate between Large Language Models,https://www.youtube.com/watch?v=UZW1A5xOjVY
2318,274,3,4,531.4,730.8,0.7,206.95,45.19,211.9,69,401,195,232,A Fast Similarity Matrix Calibration Method with Incomplete Query,https://www.youtube.com/watch?v=FH-99psi-Os
3471,154,4,5,701.2,809.0,0.9,120.5,23.61,114.8,70,399,105,129,A Method for Assessing Inference Patterns Captured by Embedding Models in Knowledge Graphs,https://www.youtube.com/watch?v=wDhyG3aF0dM
2406,175,4,4,549.2,647.8,0.8,100.55,33.44,93.1,67,397,88,102,Rethinking Node wise Propagation for Large scale Graph Learning,https://www.youtube.com/watch?v=DNTL9CrE5ao
2535,216,4,4,571.2,679.3,0.8,133.47,24.56,127.1,77,391,118,142,ReLLa  Retrieval enhanced Large Language Models for Lifelong Sequential Behavior Comprehension in Re,https://www.youtube.com/watch?v=KPU2-bz191w
2487,139,4,5,499.4,620.4,0.8,122.36,20.49,119.0,72,386,109,133,PASS  Predictive Auto Scaling System for Large scale Enterprise Web Applications,https://www.youtube.com/watch?v=3qHt1fBlvTU
1959,250,3,5,395.4,638.4,0.6,131.55,19.78,127.3,74,262,117,143,Towards Deeper Understanding of PPR-based Embedding Approaches A Topological Perspective,https://www.youtube.com/watch?v=4FsxraeoxHI
2306,298,3,4,567.6,772.4,0.7,115.87,20.45,111.3,78,399,104,122,Towards Efficient Communication and Secure Federated Recommendation System via Low-rank Training,https://www.youtube.com/watch?v=iiDKYit7Ko0
2187,160,4,5,454.0,601.9,0.8,206.39,33.37,204.5,70,396,186,225,Generative News Recommendation,https://www.youtube.com/watch?v=SRmxFT5XD38
2354,224,3,4,549.7,687.9,0.8,139.6,18.97,137.0,71,398,129,147,Graph Contrastive Learning via Interventional View Generation,https://www.youtube.com/watch?v=l4qWmFovDjc
3163,244,4,5,601.7,828.1,0.7,225.54,47.37,219.1,69,418,196,251,Query Optimization for Ontology Mediated Query Answering,https://www.youtube.com/watch?v=2tzYvM7YcV4
2896,366,3,5,624.0,851.8,0.7,222.14,27.96,218.6,79,411,204,238,Query2GMM  Learning Representation with Gaussian Mixture Model for Reasoning over Knowledge Graphs,https://www.youtube.com/watch?v=6MFB5_AxNhI
